"term","estimate","std.error","statistic","p.value","microbe","padj"
"eo.stat",-0.997689124046175,0.281328184554764,-3.54635325865107,0.00139714246257589,"s__Parabacteroides distasonis",0.458209793032078
"eo.stat",-0.980339644912859,0.356340197501844,-2.75113403367238,0.010294623443219,"s__Oscillibacter sp. MM35",0.458209793032078
"eo.stat",-0.994777675958207,0.380515960518433,-2.61428633532973,0.0142324888348851,"g__Schaalia",0.458209793032078
"eo.stat",-0.994777675958207,0.380515960518433,-2.61428633532973,0.0142324888348851,"s__Schaalia turicensis",0.458209793032078
"eo.stat",-0.949443667343307,0.371261270206623,-2.55734638524212,0.0162517784026048,"s__Corynebacterium urealyticum",0.458209793032078
"eo.stat",-0.628533609451735,0.266156180462596,-2.36152175147428,0.0253907986346692,"f__Christensenellaceae",0.458209793032078
"eo.stat",-0.628533609451735,0.266156180462596,-2.36152175147428,0.0253907986346692,"g__Christensenella",0.458209793032078
"eo.stat",-0.628533609451735,0.266156180462596,-2.36152175147428,0.0253907986346692,"s__Christensenella sp. Marseille-P3954",0.458209793032078
"eo.stat",-0.00748164175758429,0.00362865879620125,-2.06182013183952,0.0486167950290766,"g__Dialister",0.458209793032078
"eo.stat",-0.00748164175758429,0.00362865879620125,-2.06182013183952,0.0486167950290766,"s__Dialister pneumosintes",0.458209793032078
"eo.stat",-0.0200940579096504,0.00975322887240237,-2.06024673188059,0.0487772788129236,"c__Actinomycetia",0.458209793032078
"eo.stat",-0.986363815483153,0.514809747083841,-1.91597735099315,0.0656295567105203,"s__Peptoniphilus ivorii",0.458209793032078
"eo.stat",-0.985393910331695,0.514822853485439,-1.91404461488143,0.0658861078531452,"s__Treponema socranskii",0.458209793032078
"eo.stat",-0.00172745843430391,0.000904740963387,-1.90934035730733,0.0665141937588699,"k__unclassified-p__Actinobacteria",0.458209793032078
"eo.stat",-0.00172745843430391,0.000904740963387,-1.90934035730733,0.0665141937588699,"p__Actinobacteria",0.458209793032078
"eo.stat",-0.993300188245794,0.558498008450616,-1.77852055551891,0.086179721151051,"g__Finegoldia",0.458209793032078
"eo.stat",-0.993300188245794,0.558498008450616,-1.77852055551891,0.086179721151051,"s__Finegoldia magna",0.458209793032078
"eo.stat",-0.995813774339516,0.56125132468377,-1.77427425209302,0.0868935517021699,"s__Prevotella denticola",0.458209793032078
"eo.stat",-0.999733049979281,0.571106060462167,-1.75052082124684,0.0909800511480586,"g__Fastidiosipila",0.458209793032078
"eo.stat",-0.999733049979281,0.571106060462167,-1.75052082124684,0.0909800511480586,"s__Fastidiosipila sanguinis",0.458209793032078
"eo.stat",-0.997892057991637,0.570884372577794,-1.7479757827066,0.0914274086104832,"s__Akkermansia glycaniphila",0.458209793032078
"eo.stat",-0.99920174160942,0.572041280033541,-1.7467301337953,0.0916470426250574,"s__Fusobacterium mortiferum",0.458209793032078
"eo.stat",-0.999029733229259,0.57194285149941,-1.7467299934079,0.0916470674034651,"s__Prevotella sp. oral taxon 299",0.458209793032078
"eo.stat",-0.998191487801575,0.571463500424004,-1.74672833358728,0.0916473603626116,"g__Peptacetobacter",0.458209793032078
"eo.stat",-0.998191487801575,0.571463500424004,-1.74672833358728,0.0916473603626116,"s__Peptacetobacter hiranonis",0.458209793032078
"eo.stat",-0.980525066921345,0.561481677050533,-1.74631712306633,0.0917199636657798,"s__Limosilactobacillus mucosae",0.458209793032078
"eo.stat",-0.957057812880622,0.548562675597284,-1.74466447582961,0.0920122464776836,"s__Dysosmobacter welbionis",0.458209793032078
"eo.stat",-0.949999018341928,0.544748551188682,-1.74392206508665,0.0921438037932056,"o__Pseudomonadales",0.458209793032078
"eo.stat",-0.949999018341928,0.544748551188682,-1.74392206508665,0.0921438037932056,"f__Moraxellaceae",0.458209793032078
"eo.stat",-0.949999018341928,0.544748551188682,-1.74392206508665,0.0921438037932056,"g__Moraxella",0.458209793032078
"eo.stat",-0.949999018341928,0.544748551188682,-1.74392206508665,0.0921438037932056,"s__Moraxella osloensis",0.458209793032078
"eo.stat",-0.930868265774226,0.53456845517478,-1.74134529780638,0.0926016506008073,"g__Faecalitalea",0.458209793032078
"eo.stat",-0.930868265774226,0.53456845517478,-1.74134529780638,0.0926016506008073,"s__Faecalitalea cylindroides",0.458209793032078
"eo.stat",-0.921836597003802,0.529838436684077,-1.7398447020435,0.0928691664604422,"g__Coprobacter",0.458209793032078
"eo.stat",-0.921836597003802,0.529838436684077,-1.7398447020435,0.0928691664604422,"s__Coprobacter secundus",0.458209793032078
"eo.stat",-0.9173797595472,0.527521490815263,-1.73903769897493,0.0930133035916537,"o__Sphingomonadales",0.458209793032078
"eo.stat",-0.9173797595472,0.527521490815263,-1.73903769897493,0.0930133035916537,"f__Sphingomonadaceae",0.458209793032078
"eo.stat",-0.9173797595472,0.527521490815263,-1.73903769897493,0.0930133035916537,"g__Sphingomonas",0.458209793032078
"eo.stat",-0.9173797595472,0.527521490815263,-1.73903769897493,0.0930133035916537,"s__Sphingomonas lutea",0.458209793032078
"eo.stat",-0.86050373888894,0.498848442067915,-1.72498030728898,0.0955545747171284,"o__Propionibacteriales",0.458209793032078
"eo.stat",-0.86050373888894,0.498848442067915,-1.72498030728898,0.0955545747171284,"f__Nocardioidaceae",0.458209793032078
"eo.stat",-0.86050373888894,0.498848442067915,-1.72498030728898,0.0955545747171284,"g__Nocardioides",0.458209793032078
"eo.stat",-0.86050373888894,0.498848442067915,-1.72498030728898,0.0955545747171284,"s__Nocardioides anomalus",0.458209793032078
"eo.stat",0.0128762200128565,0.00762805920426558,1.68800735128749,0.102519488395888,"g__Odoribacter",0.458209793032078
"eo.stat",0.0128762200128565,0.00762805920426558,1.68800735128749,0.102519488395888,"s__Odoribacter splanchnicus",0.458209793032078
"eo.stat",-0.00106994516140286,0.000646383460725465,-1.65527929845547,0.109035313209221,"f__Tannerellaceae",0.458209793032078
"eo.stat",-0.00107177278776134,0.000648026866203425,-1.65390178040072,0.109316972066532,"g__Parabacteroides",0.458209793032078
"eo.stat",-0.636527108112768,0.394623655821433,-1.61299784927439,0.117960613477061,"s__Prevotella dentalis",0.458209793032078
"eo.stat",-0.558818434302542,0.35831937950427,-1.55955403549666,0.130097918901826,"g__Flavobacterium",0.458209793032078
"eo.stat",-0.558818434302542,0.35831937950427,-1.55955403549666,0.130097918901826,"s__Flavobacterium indicum",0.458209793032078
"eo.stat",-0.00183543004457326,0.00117944584945388,-1.55618000217909,0.130897306371534,"c__Coriobacteriia",0.458209793032078
"eo.stat",-0.00368236166644097,0.00237840938779173,-1.54824551456211,0.132793002387129,"s__[Ruminococcus] torques",0.458209793032078
"eo.stat",0.335888264666043,0.217634711278501,1.5433579629502,0.133971841377028,"f__Lawsonellaceae",0.458209793032078
"eo.stat",0.335888264666043,0.217634711278501,1.5433579629502,0.133971841377028,"g__Lawsonella",0.458209793032078
"eo.stat",0.335888264666043,0.217634711278501,1.5433579629502,0.133971841377028,"s__Lawsonella clevelandensis",0.458209793032078
"eo.stat",0.543280329591543,0.353089438625368,1.53864791795138,0.1351159266932,"s__Alistipes indistinctus",0.458209793032078
"eo.stat",0.0662023821741687,0.043145806520619,1.53438740663084,0.136157661968529,"s__Prevotella copri",0.458209793032078
"eo.stat",-0.00203731144634586,0.00135030871057561,-1.50877457161437,0.142558690074172,"o__Coriobacteriales",0.458209793032078
"eo.stat",-0.483459249336607,0.321461505716954,-1.50394134519575,0.143793489854977,"s__Tannerella sp. oral taxon HOT-286",0.458209793032078
"eo.stat",0.925813839186894,0.617128058559442,1.5001972870072,0.144755958365943,"s__Bacteroides eggerthii",0.458209793032078
"eo.stat",0.983368463905978,0.660069090873776,1.48979626148564,0.147457026199709,"s__Desulfovibrio desulfuricans",0.458209793032078
"eo.stat",-0.00163769374581803,0.00110062287166633,-1.48796993773043,0.147935474908257,"g__Blautia",0.458209793032078
"eo.stat",-0.00212052506735622,0.00143150001254581,-1.48133080598793,0.149685294759019,"f__Coriobacteriaceae",0.458209793032078
"eo.stat",-0.00212052506735622,0.00143150001254581,-1.48133080598793,0.149685294759019,"g__Collinsella",0.458209793032078
"eo.stat",-0.00212052506735622,0.00143150001254581,-1.48133080598793,0.149685294759019,"s__Collinsella aerofaciens",0.458209793032078
"eo.stat",0.999202415011915,0.678888736665132,1.47182058126379,0.152220779384571,"s__Fusobacterium hwasookii",0.458209793032078
"eo.stat",0.360850842457887,0.245821203734407,1.4679402629879,0.153265147190097,"s__Clostridium baratii",0.458209793032078
"eo.stat",-0.428181630387814,0.292879940552602,-1.46196980776466,0.154883275101056,"s__Alistipes sp. dk3624",0.458209793032078
"eo.stat",-0.00242189026566132,0.00166134162136227,-1.45779184396489,0.156023710432646,"s__Bacteroides caccae",0.458209793032078
"eo.stat",-0.267173162611854,0.183804366304394,-1.45357353573089,0.157181962022634,"g__Lacrimispora",0.458209793032078
"eo.stat",-0.267173162611854,0.183804366304394,-1.45357353573089,0.157181962022634,"s__Lacrimispora saccharolytica",0.458209793032078
"eo.stat",-0.000186774624856755,0.000130006185617437,-1.43665952485036,0.161895295801713,"g__Bacteroides",0.458209793032078
"eo.stat",-0.245348760515538,0.173985442214221,-1.41016833013794,0.169502651038031,"s__Butyricimonas virosa",0.458209793032078
"eo.stat",-0.00144084850076353,0.0010235228866753,-1.40773452115353,0.170215507795213,"s__Parabacteroides merdae",0.458209793032078
"eo.stat",-0.0244718847863193,0.017719148750781,-1.38109821924942,0.17817280237141,"s__Alistipes finegoldii",0.458209793032078
"eo.stat",0.277242221712953,0.203462364308175,1.36262164580486,0.183861879612351,"s__Clostridium sp. C1",0.458209793032078
"eo.stat",-0.00257173360221059,0.00191011040081444,-1.34637956063379,0.188979196871557,"s__Blautia sp. SC05B48",0.458209793032078
"eo.stat",-1.9046393326555e-05,1.42536288605566e-05,-1.33624872044067,0.192226711509845,"k__unclassified-p__Firmicutes",0.458209793032078
"eo.stat",-1.9046393326555e-05,1.42536288605566e-05,-1.33624872044067,0.192226711509845,"p__Firmicutes",0.458209793032078
"eo.stat",0.0984488286748552,0.0744668537986492,1.32204898760797,0.196851120666259,"g__Hungatella",0.458209793032078
"eo.stat",0.0984488286748552,0.0744668537986492,1.32204898760797,0.196851120666259,"s__Hungatella hathewayi",0.458209793032078
"eo.stat",-0.000755292806162002,0.000574299904265283,-1.31515398235747,0.199127366657031,"c__Erysipelotrichia",0.458209793032078
"eo.stat",-0.000755292806162002,0.000574299904265283,-1.31515398235747,0.199127366657031,"o__Erysipelotrichales",0.458209793032078
"eo.stat",-0.000755292806162002,0.000574299904265283,-1.31515398235747,0.199127366657031,"f__Erysipelotrichaceae",0.458209793032078
"eo.stat",0.681966293623252,0.52588071173148,1.29680796121587,0.205282654597702,"o__Enterobacterales",0.458209793032078
"eo.stat",-0.00267254187354297,0.00206282220843677,-1.29557548033587,0.205701336751159,"g__Coprococcus",0.458209793032078
"eo.stat",-0.0848901916194747,0.066648624411892,-1.27369757993577,0.21324264289386,"f__Barnesiellaceae",0.458209793032078
"eo.stat",-0.0799105253230238,0.0629512456252557,-1.26940340146286,0.214747251218793,"o__Actinomycetales",0.458209793032078
"eo.stat",-0.0799105253230238,0.0629512456252557,-1.26940340146286,0.214747251218793,"f__Actinomycetaceae",0.458209793032078
"eo.stat",0.006892837746697,0.00545554592778341,1.2634551771609,0.216844718058081,"g__Anaerostipes",0.458209793032078
"eo.stat",0.00747958061870012,0.00597808655005836,1.25116633157931,0.221227171684424,"s__Anaerostipes hadrus",0.458209793032078
"eo.stat",-0.0142245690803722,0.011528259289391,-1.23388698356764,0.227502085343739,"s__Prevotella oris",0.458209793032078
"eo.stat",-0.0417376315355825,0.0340785238604133,-1.22474880973546,0.230874186484588,"g__Butyricimonas",0.458209793032078
"eo.stat",-0.00138753492748733,0.00113549398120789,-1.22196590246241,0.23190851722953,"s__Bacteroides salyersiae",0.458209793032078
"eo.stat",-0.0787106960077113,0.064461651876975,-1.22104683506917,0.232250870275913,"g__Mobiluncus",0.458209793032078
"eo.stat",-0.0787106960077113,0.064461651876975,-1.22104683506917,0.232250870275913,"s__Mobiluncus curtisii",0.458209793032078
"eo.stat",0.762713034982589,0.626690489084573,1.21704900308397,0.233744465096089,"s__Leptotrichia sp. oral taxon 212",0.458209793032078
"eo.stat",0.993388226313494,0.816995774783913,1.21590375002396,0.23417365283029,"f__Enterobacteriaceae",0.458209793032078
"eo.stat",0.993388226313494,0.816995774783913,1.21590375002396,0.23417365283029,"g__Escherichia",0.458209793032078
"eo.stat",0.993388226313494,0.816995774783913,1.21590375002396,0.23417365283029,"s__Escherichia coli",0.458209793032078
"eo.stat",0.451549161983487,0.372960339652852,1.2107162986922,0.236125041523571,"g__Monoglobus",0.458209793032078
"eo.stat",0.451549161983487,0.372960339652852,1.2107162986922,0.236125041523571,"s__Monoglobus pectinilyticus",0.458209793032078
"eo.stat",-0.00798312573127195,0.00666991880200364,-1.19688499489287,0.24138724377318,"g__Ruminococcus",0.458209793032078
"eo.stat",-0.00798312573127195,0.00666991880200364,-1.19688499489287,0.24138724377318,"s__Ruminococcus bicirculans",0.458209793032078
"eo.stat",0.998465149057789,0.835691393316761,1.1947773508771,0.242196694840229,"s__Porphyromonas sp. oral taxon 275",0.458209793032078
"eo.stat",-0.108183697945559,0.0907224880599042,-1.19246837536163,0.243085776897457,"s__Alistipes communis",0.458209793032078
"eo.stat",0.54838444684752,0.460946487938364,1.18969221199674,0.244157950990464,"c__Candidatus",0.458209793032078
"eo.stat",0.54838444684752,0.460946487938364,1.18969221199674,0.244157950990464,"o__Candidatus",0.458209793032078
"eo.stat",0.54838444684752,0.460946487938364,1.18969221199674,0.244157950990464,"f__Candidatus",0.458209793032078
"eo.stat",0.54838444684752,0.460946487938364,1.18969221199674,0.244157950990464,"s__Candidatus Nanosynbacter lyticus",0.458209793032078
"eo.stat",0.392744569570137,0.332308285393164,1.18186812316602,0.247198497951173,"d__Archaea",0.458209793032078
"eo.stat",0.392744569570137,0.332308285393164,1.18186812316602,0.247198497951173,"k__unclassified-p__Euryarchaeota",0.458209793032078
"eo.stat",0.392744569570137,0.332308285393164,1.18186812316602,0.247198497951173,"p__Euryarchaeota",0.458209793032078
"eo.stat",0.392744569570137,0.332308285393164,1.18186812316602,0.247198497951173,"c__Methanobacteria",0.458209793032078
"eo.stat",0.392744569570137,0.332308285393164,1.18186812316602,0.247198497951173,"o__Methanobacteriales",0.458209793032078
"eo.stat",0.392744569570137,0.332308285393164,1.18186812316602,0.247198497951173,"f__Methanobacteriaceae",0.458209793032078
"eo.stat",0.392744569570137,0.332308285393164,1.18186812316602,0.247198497951173,"g__Methanobrevibacter",0.458209793032078
"eo.stat",0.392744569570137,0.332308285393164,1.18186812316602,0.247198497951173,"s__Methanobrevibacter smithii",0.458209793032078
"eo.stat",0.934971838611264,0.791270092123966,1.18160897008197,0.247299684605563,"f__Dietziaceae",0.458209793032078
"eo.stat",0.934971838611264,0.791270092123966,1.18160897008197,0.247299684605563,"g__Dietzia",0.458209793032078
"eo.stat",0.934971838611264,0.791270092123966,1.18160897008197,0.247299684605563,"s__Dietzia sp. oral taxon 368",0.458209793032078
"eo.stat",0.127476314061839,0.107943025070827,1.1809592512179,0.247553502580888,"s__Phascolarctobacterium faecium",0.458209793032078
"eo.stat",0.55681950086261,0.475022349710843,1.17219642655037,0.250995569500837,"k__unclassified-p__Candidatus",0.458209793032078
"eo.stat",0.55681950086261,0.475022349710843,1.17219642655037,0.250995569500837,"p__Candidatus",0.458209793032078
"eo.stat",0.55681950086261,0.475022349710843,1.17219642655037,0.250995569500837,"g__Candidatus",0.458209793032078
"eo.stat",0.00524244169390458,0.004494159371455,1.16650106518304,0.25325153037612,"s__Bacteroides cellulosilyticus",0.458209793032078
"eo.stat",0.99889517095811,0.863483320404967,1.15682045889391,0.25712016067121,"f__Morganellaceae",0.458209793032078
"eo.stat",0.99889517095811,0.863483320404967,1.15682045889391,0.25712016067121,"g__Morganella",0.458209793032078
"eo.stat",0.99889517095811,0.863483320404967,1.15682045889391,0.25712016067121,"s__Morganella morganii",0.458209793032078
"eo.stat",0.997730199915754,0.862477565909935,1.15681872706234,0.257120856605676,"o__Neisseriales",0.458209793032078
"eo.stat",0.997730199915754,0.862477565909935,1.15681872706234,0.257120856605676,"f__Neisseriaceae",0.458209793032078
"eo.stat",0.997492720032131,0.862272651847846,1.15681822668794,0.257121057680792,"g__Eikenella",0.458209793032078
"eo.stat",0.997492720032131,0.862272651847846,1.15681822668794,0.257121057680792,"s__Eikenella exigua",0.458209793032078
"eo.stat",0.994891254878671,0.860030345194879,1.15680947822049,0.257124573265155,"g__Filifactor",0.458209793032078
"eo.stat",0.994891254878671,0.860030345194879,1.15680947822049,0.257124573265155,"s__Filifactor alocis",0.458209793032078
"eo.stat",0.98893628308329,0.854914046048701,1.15676691435124,0.257141678119679,"o__Cardiobacteriales",0.458209793032078
"eo.stat",0.98893628308329,0.854914046048701,1.15676691435124,0.257141678119679,"f__Cardiobacteriaceae",0.458209793032078
"eo.stat",0.98893628308329,0.854914046048701,1.15676691435124,0.257141678119679,"g__Cardiobacterium",0.458209793032078
"eo.stat",0.98893628308329,0.854914046048701,1.15676691435124,0.257141678119679,"s__Cardiobacterium hominis",0.458209793032078
"eo.stat",0.98321103646391,0.850016492990867,1.1566964224475,0.257170008055778,"s__Leptotrichia sp. oral taxon 221",0.458209793032078
"eo.stat",0.982142899574146,0.849105064080154,1.15668006365986,0.257176582802597,"g__Clostridioides",0.458209793032078
"eo.stat",0.982142899574146,0.849105064080154,1.15668006365986,0.257176582802597,"s__Clostridioides difficile",0.458209793032078
"eo.stat",0.979273672716946,0.846660312096161,1.15663112906812,0.257196250798046,"s__Fusobacterium necrophorum",0.458209793032078
"eo.stat",0.976596607170967,0.84438389455062,1.15657891330425,0.257217238789452,"g__Kingella",0.458209793032078
"eo.stat",0.976596607170967,0.84438389455062,1.15657891330425,0.257217238789452,"s__Kingella oralis",0.458209793032078
"eo.stat",0.975142163538167,0.843148970230109,1.15654789126059,0.257229708613091,"s__Porphyromonas gingivalis",0.458209793032078
"eo.stat",0.955148130948169,0.826471947581071,1.15569334657239,0.257573380888431,"c__unclassified-g__Candidatus",0.458209793032078
"eo.stat",0.955148130948169,0.826471947581071,1.15569334657239,0.257573380888431,"o__unclassified-g__Candidatus",0.458209793032078
"eo.stat",0.955148130948169,0.826471947581071,1.15569334657239,0.257573380888431,"f__unclassified-g__Candidatus",0.458209793032078
"eo.stat",0.955148130948169,0.826471947581071,1.15569334657239,0.257573380888431,"s__Candidatus Saccharimonas aalborgensis",0.458209793032078
"eo.stat",0.951716242820794,0.823593037603498,1.15556615873067,0.257624560725522,"s__Coprococcus sp. ART55/1",0.458209793032078
"eo.stat",0.939343933632236,0.813273111594858,1.15501658697427,0.257845791516276,"g__Amedibacterium",0.458209793032078
"eo.stat",0.939343933632236,0.813273111594858,1.15501658697427,0.257845791516276,"s__Amedibacterium intestinale",0.458209793032078
"eo.stat",-0.182838556869588,0.158316057583793,-1.15489584354269,0.257894415540488,"f__Corynebacteriaceae",0.458209793032078
"eo.stat",-0.182838556869588,0.158316057583793,-1.15489584354269,0.257894415540488,"g__Corynebacterium",0.458209793032078
"eo.stat",0.929426657679275,0.805065039314654,1.15447400184026,0.258064346070199,"s__Treponema parvum",0.458209793032078
"eo.stat",0.919843038940261,0.797184759865917,1.15386430505141,0.258310094902572,"s__Oscillibacter sp. PEA192",0.458209793032078
"eo.stat",-0.0759461598292122,0.0658451967631105,-1.15340470623,0.258495457182366,"s__Prevotella nigrescens",0.458209793032078
"eo.stat",0.886999013907982,0.770532939187149,1.15115002720545,0.259406207089423,"g__Megasphaera",0.458209793032078
"eo.stat",0.886999013907982,0.770532939187149,1.15115002720545,0.259406207089423,"s__Megasphaera stantonii",0.458209793032078
"eo.stat",0.848614969531363,0.739992124641108,1.14678919041596,0.261174356661291,"s__Treponema sp. OMZ 804",0.458209793032078
"eo.stat",0.836347563794872,0.73034882848994,1.14513439492207,0.26184760625372,"s__Gordonibacter urolithinfaciens",0.458209793032078
"eo.stat",0.822172343792893,0.719267354578181,1.14306917804585,0.262689607188767,"s__Oscillibacter sp. NSJ-62",0.458209793032078
"eo.stat",0.795500073048275,0.698573497116017,1.13874928884707,0.264457220250107,"g__Faecalicatena",0.458209793032078
"eo.stat",0.795500073048275,0.698573497116017,1.13874928884707,0.264457220250107,"s__Faecalicatena sp. Marseille-Q4148",0.458209793032078
"eo.stat",7.20478011417818e-17,6.37455923339319e-17,1.13023973115441,0.267964412520694,"k__unclassified-p__Gemmatimonadetes",0.458209793032078
"eo.stat",7.20478011417818e-17,6.37455923339319e-17,1.13023973115441,0.267964412520694,"k__unclassified-p__Deinococcus",0.458209793032078
"eo.stat",7.20478011417818e-17,6.37455923339319e-17,1.13023973115441,0.267964412520694,"k__unclassified-p__Cyanobacteria",0.458209793032078
"eo.stat",7.20478011417818e-17,6.37455923339319e-17,1.13023973115441,0.267964412520694,"p__Gemmatimonadetes",0.458209793032078
"eo.stat",7.20478011417818e-17,6.37455923339319e-17,1.13023973115441,0.267964412520694,"p__Deinococcus",0.458209793032078
"eo.stat",7.20478011417818e-17,6.37455923339319e-17,1.13023973115441,0.267964412520694,"p__Cyanobacteria",0.458209793032078
"eo.stat",7.20478011417818e-17,6.37455923339319e-17,1.13023973115441,0.267964412520694,"c__Gemmatimonadetes",0.458209793032078
"eo.stat",7.20478011417818e-17,6.37455923339319e-17,1.13023973115441,0.267964412520694,"c__Deinococci",0.458209793032078
"eo.stat",7.20478011417818e-17,6.37455923339319e-17,1.13023973115441,0.267964412520694,"c__unclassified-g__Ndongobacter",0.458209793032078
"eo.stat",7.20478011417818e-17,6.37455923339319e-17,1.13023973115441,0.267964412520694,"c__Thermoplasmata",0.458209793032078
"eo.stat",7.20478011417818e-17,6.37455923339319e-17,1.13023973115441,0.267964412520694,"c__Cytophagia",0.458209793032078
"eo.stat",7.20478011417818e-17,6.37455923339319e-17,1.13023973115441,0.267964412520694,"c__unclassified-o__Nostocales",0.458209793032078
"eo.stat",7.20478011417818e-17,6.37455923339319e-17,1.13023973115441,0.267964412520694,"o__Gemmatimonadales",0.458209793032078
"eo.stat",7.20478011417818e-17,6.37455923339319e-17,1.13023973115441,0.267964412520694,"o__Deinococcales",0.458209793032078
"eo.stat",7.20478011417818e-17,6.37455923339319e-17,1.13023973115441,0.267964412520694,"o__Bacillales",0.458209793032078
"eo.stat",7.20478011417818e-17,6.37455923339319e-17,1.13023973115441,0.267964412520694,"o__unclassified-g__Ndongobacter",0.458209793032078
"eo.stat",7.20478011417818e-17,6.37455923339319e-17,1.13023973115441,0.267964412520694,"o__Methanomassiliicoccales",0.458209793032078
"eo.stat",7.20478011417818e-17,6.37455923339319e-17,1.13023973115441,0.267964412520694,"o__Cytophagales",0.458209793032078
"eo.stat",7.20478011417818e-17,6.37455923339319e-17,1.13023973115441,0.267964412520694,"o__Rhodospirillales",0.458209793032078
"eo.stat",7.20478011417818e-17,6.37455923339319e-17,1.13023973115441,0.267964412520694,"o__Chromatiales",0.458209793032078
"eo.stat",7.20478011417818e-17,6.37455923339319e-17,1.13023973115441,0.267964412520694,"o__Nostocales",0.458209793032078
"eo.stat",7.20478011417818e-17,6.37455923339319e-17,1.13023973115441,0.267964412520694,"f__Gemmatimonadaceae",0.458209793032078
"eo.stat",7.20478011417818e-17,6.37455923339319e-17,1.13023973115441,0.267964412520694,"f__Pectobacteriaceae",0.458209793032078
"eo.stat",7.20478011417818e-17,6.37455923339319e-17,1.13023973115441,0.267964412520694,"f__Deinococcaceae",0.458209793032078
"eo.stat",7.20478011417818e-17,6.37455923339319e-17,1.13023973115441,0.267964412520694,"f__Muribaculaceae",0.458209793032078
"eo.stat",7.20478011417818e-17,6.37455923339319e-17,1.13023973115441,0.267964412520694,"f__Staphylococcaceae",0.458209793032078
"eo.stat",7.20478011417818e-17,6.37455923339319e-17,1.13023973115441,0.267964412520694,"f__Propionibacteriaceae",0.458209793032078
"eo.stat",7.20478011417818e-17,6.37455923339319e-17,1.13023973115441,0.267964412520694,"f__unclassified-g__Ndongobacter",0.458209793032078
"eo.stat",7.20478011417818e-17,6.37455923339319e-17,1.13023973115441,0.267964412520694,"f__Methanomassiliicoccaceae",0.458209793032078
"eo.stat",7.20478011417818e-17,6.37455923339319e-17,1.13023973115441,0.267964412520694,"f__Cytophagaceae",0.458209793032078
"eo.stat",7.20478011417818e-17,6.37455923339319e-17,1.13023973115441,0.267964412520694,"f__Acetobacteraceae",0.458209793032078
"eo.stat",7.20478011417818e-17,6.37455923339319e-17,1.13023973115441,0.267964412520694,"f__Comamonadaceae",0.458209793032078
"eo.stat",7.20478011417818e-17,6.37455923339319e-17,1.13023973115441,0.267964412520694,"f__Bradyrhizobiaceae",0.458209793032078
"eo.stat",7.20478011417818e-17,6.37455923339319e-17,1.13023973115441,0.267964412520694,"f__Chromatiaceae",0.458209793032078
"eo.stat",7.20478011417818e-17,6.37455923339319e-17,1.13023973115441,0.267964412520694,"f__Oxalobacteraceae",0.458209793032078
"eo.stat",7.20478011417818e-17,6.37455923339319e-17,1.13023973115441,0.267964412520694,"f__Nostocaceae",0.458209793032078
"eo.stat",7.20478011417818e-17,6.37455923339319e-17,1.13023973115441,0.267964412520694,"g__Gemmatirosa",0.458209793032078
"eo.stat",7.20478011417818e-17,6.37455923339319e-17,1.13023973115441,0.267964412520694,"g__Pectobacterium",0.458209793032078
"eo.stat",7.20478011417818e-17,6.37455923339319e-17,1.13023973115441,0.267964412520694,"g__Deinococcus",0.458209793032078
"eo.stat",7.20478011417818e-17,6.37455923339319e-17,1.13023973115441,0.267964412520694,"g__Acutalibacter",0.458209793032078
"eo.stat",7.20478011417818e-17,6.37455923339319e-17,1.13023973115441,0.267964412520694,"g__Faecalibaculum",0.458209793032078
"eo.stat",7.20478011417818e-17,6.37455923339319e-17,1.13023973115441,0.267964412520694,"g__Muribaculum",0.458209793032078
"eo.stat",7.20478011417818e-17,6.37455923339319e-17,1.13023973115441,0.267964412520694,"g__Nosocomiicoccus",0.458209793032078
"eo.stat",7.20478011417818e-17,6.37455923339319e-17,1.13023973115441,0.267964412520694,"g__Cutibacterium",0.458209793032078
"eo.stat",7.20478011417818e-17,6.37455923339319e-17,1.13023973115441,0.267964412520694,"g__Sarcina",0.458209793032078
"eo.stat",7.20478011417818e-17,6.37455923339319e-17,1.13023973115441,0.267964412520694,"g__Anaerotignum",0.458209793032078
"eo.stat",7.20478011417818e-17,6.37455923339319e-17,1.13023973115441,0.267964412520694,"g__Murdochiella",0.458209793032078
"eo.stat",7.20478011417818e-17,6.37455923339319e-17,1.13023973115441,0.267964412520694,"g__Ndongobacter",0.458209793032078
"eo.stat",7.20478011417818e-17,6.37455923339319e-17,1.13023973115441,0.267964412520694,"g__Lactobacillus",0.458209793032078
"eo.stat",7.20478011417818e-17,6.37455923339319e-17,1.13023973115441,0.267964412520694,"g__Methanomassiliicoccus",0.458209793032078
"eo.stat",7.20478011417818e-17,6.37455923339319e-17,1.13023973115441,0.267964412520694,"g__Aquirufa",0.458209793032078
"eo.stat",7.20478011417818e-17,6.37455923339319e-17,1.13023973115441,0.267964412520694,"g__Acidibrevibacterium",0.458209793032078
"eo.stat",7.20478011417818e-17,6.37455923339319e-17,1.13023973115441,0.267964412520694,"g__Microlunatus",0.458209793032078
"eo.stat",7.20478011417818e-17,6.37455923339319e-17,1.13023973115441,0.267964412520694,"g__Schlegelella",0.458209793032078
"eo.stat",7.20478011417818e-17,6.37455923339319e-17,1.13023973115441,0.267964412520694,"g__Bradyrhizobium",0.458209793032078
"eo.stat",7.20478011417818e-17,6.37455923339319e-17,1.13023973115441,0.267964412520694,"g__Rheinheimera",0.458209793032078
"eo.stat",7.20478011417818e-17,6.37455923339319e-17,1.13023973115441,0.267964412520694,"g__Duganella",0.458209793032078
"eo.stat",7.20478011417818e-17,6.37455923339319e-17,1.13023973115441,0.267964412520694,"g__Propionibacterium",0.458209793032078
"eo.stat",7.20478011417818e-17,6.37455923339319e-17,1.13023973115441,0.267964412520694,"g__Acinetobacter",0.458209793032078
"eo.stat",7.20478011417818e-17,6.37455923339319e-17,1.13023973115441,0.267964412520694,"g__Anabaena",0.458209793032078
"eo.stat",7.20478011417818e-17,6.37455923339319e-17,1.13023973115441,0.267964412520694,"g__Enterobacter",0.458209793032078
"eo.stat",7.20478011417818e-17,6.37455923339319e-17,1.13023973115441,0.267964412520694,"g__Ethanoligenens",0.458209793032078
"eo.stat",7.20478011417818e-17,6.37455923339319e-17,1.13023973115441,0.267964412520694,"s__Gemmatirosa kalamazoonesis",0.458209793032078
"eo.stat",7.20478011417818e-17,6.37455923339319e-17,1.13023973115441,0.267964412520694,"s__Pectobacterium parmentieri",0.458209793032078
"eo.stat",7.20478011417818e-17,6.37455923339319e-17,1.13023973115441,0.267964412520694,"s__Deinococcus radiopugnans",0.458209793032078
"eo.stat",7.20478011417818e-17,6.37455923339319e-17,1.13023973115441,0.267964412520694,"s__Acutalibacter muris",0.458209793032078
"eo.stat",7.20478011417818e-17,6.37455923339319e-17,1.13023973115441,0.267964412520694,"s__Faecalibaculum rodentium",0.458209793032078
"eo.stat",7.20478011417818e-17,6.37455923339319e-17,1.13023973115441,0.267964412520694,"s__Muribaculum gordoncarteri",0.458209793032078
"eo.stat",7.20478011417818e-17,6.37455923339319e-17,1.13023973115441,0.267964412520694,"s__Nosocomiicoccus ampullae",0.458209793032078
"eo.stat",7.20478011417818e-17,6.37455923339319e-17,1.13023973115441,0.267964412520694,"s__Blautia producta",0.458209793032078
"eo.stat",7.20478011417818e-17,6.37455923339319e-17,1.13023973115441,0.267964412520694,"s__Cutibacterium modestum",0.458209793032078
"eo.stat",7.20478011417818e-17,6.37455923339319e-17,1.13023973115441,0.267964412520694,"s__Prevotella sp. oral taxon 475",0.458209793032078
"eo.stat",7.20478011417818e-17,6.37455923339319e-17,1.13023973115441,0.267964412520694,"s__Sarcina sp. JB2",0.458209793032078
"eo.stat",7.20478011417818e-17,6.37455923339319e-17,1.13023973115441,0.267964412520694,"s__Anaerotignum propionicum",0.458209793032078
"eo.stat",7.20478011417818e-17,6.37455923339319e-17,1.13023973115441,0.267964412520694,"s__Corynebacterium kroppenstedtii",0.458209793032078
"eo.stat",7.20478011417818e-17,6.37455923339319e-17,1.13023973115441,0.267964412520694,"s__Anaerococcus prevotii",0.458209793032078
"eo.stat",7.20478011417818e-17,6.37455923339319e-17,1.13023973115441,0.267964412520694,"s__Murdochiella vaginalis",0.458209793032078
"eo.stat",7.20478011417818e-17,6.37455923339319e-17,1.13023973115441,0.267964412520694,"s__Ndongobacter massiliensis",0.458209793032078
"eo.stat",7.20478011417818e-17,6.37455923339319e-17,1.13023973115441,0.267964412520694,"s__Alistipes dispar",0.458209793032078
"eo.stat",7.20478011417818e-17,6.37455923339319e-17,1.13023973115441,0.267964412520694,"s__Bacteroides helcogenes",0.458209793032078
"eo.stat",7.20478011417818e-17,6.37455923339319e-17,1.13023973115441,0.267964412520694,"s__Lactobacillus jensenii",0.458209793032078
"eo.stat",7.20478011417818e-17,6.37455923339319e-17,1.13023973115441,0.267964412520694,"s__Christensenella minuta",0.458209793032078
"eo.stat",7.20478011417818e-17,6.37455923339319e-17,1.13023973115441,0.267964412520694,"s__Candidatus Methanomassiliicoccus intestinalis",0.458209793032078
"eo.stat",7.20478011417818e-17,6.37455923339319e-17,1.13023973115441,0.267964412520694,"s__Bacteroides zhangwenhongi",0.458209793032078
"eo.stat",7.20478011417818e-17,6.37455923339319e-17,1.13023973115441,0.267964412520694,"s__Aquirufa nivalisilvae",0.458209793032078
"eo.stat",7.20478011417818e-17,6.37455923339319e-17,1.13023973115441,0.267964412520694,"s__Acidibrevibacterium fodinaquatile",0.458209793032078
"eo.stat",7.20478011417818e-17,6.37455923339319e-17,1.13023973115441,0.267964412520694,"s__Microlunatus sagamiharensis",0.458209793032078
"eo.stat",7.20478011417818e-17,6.37455923339319e-17,1.13023973115441,0.267964412520694,"s__Schlegelella thermodepolymerans",0.458209793032078
"eo.stat",7.20478011417818e-17,6.37455923339319e-17,1.13023973115441,0.267964412520694,"s__Candidatus Methanoplasma termitum",0.458209793032078
"eo.stat",7.20478011417818e-17,6.37455923339319e-17,1.13023973115441,0.267964412520694,"s__Bradyrhizobium sp. PSBB068",0.458209793032078
"eo.stat",7.20478011417818e-17,6.37455923339319e-17,1.13023973115441,0.267964412520694,"s__Rheinheimera sp. F8",0.458209793032078
"eo.stat",7.20478011417818e-17,6.37455923339319e-17,1.13023973115441,0.267964412520694,"s__Duganella sp. AF9R3",0.458209793032078
"eo.stat",7.20478011417818e-17,6.37455923339319e-17,1.13023973115441,0.267964412520694,"s__Propionibacterium acidifaciens",0.458209793032078
"eo.stat",7.20478011417818e-17,6.37455923339319e-17,1.13023973115441,0.267964412520694,"s__Acinetobacter haemolyticus",0.458209793032078
"eo.stat",7.20478011417818e-17,6.37455923339319e-17,1.13023973115441,0.267964412520694,"s__Anabaena sp. YBS01",0.458209793032078
"eo.stat",7.20478011417818e-17,6.37455923339319e-17,1.13023973115441,0.267964412520694,"s__Capnocytophaga sputigena",0.458209793032078
"eo.stat",7.20478011417818e-17,6.37455923339319e-17,1.13023973115441,0.267964412520694,"s__Enterobacter hormaechei",0.458209793032078
"eo.stat",7.20478011417818e-17,6.37455923339319e-17,1.13023973115441,0.267964412520694,"s__Ethanoligenens harbinense",0.458209793032078
"eo.stat",0.734817746828519,0.652060290311745,1.12691687831076,0.269343026878641,"o__Caulobacterales",0.458209793032078
"eo.stat",0.734817746828519,0.652060290311745,1.12691687831076,0.269343026878641,"f__Caulobacteraceae",0.458209793032078
"eo.stat",0.734817746828519,0.652060290311745,1.12691687831076,0.269343026878641,"g__Asticcacaulis",0.458209793032078
"eo.stat",0.734817746828519,0.652060290311745,1.12691687831076,0.269343026878641,"s__Asticcacaulis excentricus",0.458209793032078
"eo.stat",0.00447206873359526,0.00398670655527923,1.12174514767667,0.271498915994573,"g__Veillonella",0.458209793032078
"eo.stat",0.00447206873359526,0.00398670655527923,1.12174514767667,0.271498915994573,"s__Veillonella parvula",0.458209793032078
"eo.stat",-0.0819544093909125,0.0731448709009059,-1.12043959311845,0.272045114440206,"g__Barnesiella",0.458209793032078
"eo.stat",-0.0819544093909125,0.0731448709009059,-1.12043959311845,0.272045114440206,"s__Barnesiella viscericola",0.458209793032078
"eo.stat",0.673434685253466,0.605414707855409,1.11235270057942,0.275446059185898,"o__Hyphomicrobiales",0.458209793032078
"eo.stat",0.673434685253466,0.605414707855409,1.11235270057942,0.275446059185898,"f__Rhizobiaceae",0.458209793032078
"eo.stat",0.673434685253466,0.605414707855409,1.11235270057942,0.275446059185898,"g__Neorhizobium",0.458209793032078
"eo.stat",0.673434685253466,0.605414707855409,1.11235270057942,0.275446059185898,"s__Neorhizobium sp. NCHU2750",0.458209793032078
"eo.stat",-0.0987385382572759,0.08906714216448,-1.10858545427376,0.277040778307208,"c__Flavobacteriia",0.458209793032078
"eo.stat",-0.0987385382572759,0.08906714216448,-1.10858545427376,0.277040778307208,"o__Flavobacteriales",0.458209793032078
"eo.stat",-0.0987385382572759,0.08906714216448,-1.10858545427376,0.277040778307208,"f__Flavobacteriaceae",0.458209793032078
"eo.stat",-0.0987353019103004,0.0891479940999029,-1.10754373003226,0.277482920649651,"g__Capnocytophaga",0.458209793032078
"eo.stat",-0.0987353019103004,0.0891479940999029,-1.10754373003226,0.277482920649651,"s__Capnocytophaga gingivalis",0.458209793032078
"eo.stat",-0.0106812659618404,0.0096515267975908,-1.10669184118172,0.277844866973131,"s__Coprococcus catus",0.458209793032078
"eo.stat",-0.268946327188009,0.243037479805521,-1.10660432869539,0.277882068032357,"s__Clostridium butyricum",0.458209793032078
"eo.stat",-0.0472306868879266,0.0429061005511578,-1.10079187530949,0.280360917304739,"s__Butyricimonas faecalis",0.460663698044889
"eo.stat",-5.78596973476711e-05,5.29400084650375e-05,-1.09292950691314,0.283739136477855,"f__Oscillospiraceae",0.461336754857359
"eo.stat",0.0159924800950133,0.0146329141147277,1.09291149866842,0.283746907288612,"g__Lachnospira",0.461336754857359
"eo.stat",0.0159924800950133,0.0146329141147277,1.09291149866842,0.283746907288612,"s__Lachnospira eligens",0.461336754857359
"eo.stat",0.0351567657710409,0.0324385954312735,1.08379432905861,0.287700617159049,"s__Dysosmobacter sp. Marseille-Q4140",0.462333384136923
"eo.stat",0.00624056944232397,0.00578166236043617,1.07937286082773,0.289632057407836,"g__Anaerobutyricum",0.462333384136923
"eo.stat",0.00624056944232397,0.00578166236043617,1.07937286082773,0.289632057407836,"s__Anaerobutyricum hallii",0.462333384136923
"eo.stat",0.467365864028718,0.434192551953728,1.07640230567226,0.290934851054614,"s__Prevotella intermedia",0.462333384136923
"eo.stat",0.545705570028408,0.507592342926634,1.07508629244094,0.291513340009542,"g__Megamonas",0.462333384136923
"eo.stat",0.545705570028408,0.507592342926634,1.07508629244094,0.291513340009542,"s__Megamonas funiformis",0.462333384136923
"eo.stat",-0.0548542166748924,0.0513846748591766,-1.06752094520836,0.294854701268703,"o__Burkholderiales",0.462333384136923
"eo.stat",-0.0548542166748924,0.0513846748591766,-1.06752094520836,0.294854701268703,"f__Sutterellaceae",0.462333384136923
"eo.stat",-0.0548542166748924,0.0513846748591766,-1.06752094520836,0.294854701268703,"g__Sutterella",0.462333384136923
"eo.stat",-0.0548542166748924,0.0513846748591766,-1.06752094520836,0.294854701268703,"s__Sutterella wadsworthensis",0.462333384136923
"eo.stat",0.047993523097611,0.0450281963054859,1.06585488728013,0.29559416492199,"c__Gammaproteobacteria",0.462333384136923
"eo.stat",-2.69810363425611e-05,2.54045423402414e-05,-1.06205559546028,0.297285337326752,"c__Clostridia",0.462333384136923
"eo.stat",-2.69810363425611e-05,2.54045423402414e-05,-1.06205559546028,0.297285337326752,"o__Eubacteriales",0.462333384136923
"eo.stat",0.456703725636761,0.437082854485423,1.04489050748613,0.305010930106985,"s__Tannerella forsythia",0.472766941665827
"eo.stat",-0.0706292302382783,0.0679041254215862,-1.04013165326515,0.307177434739982,"s__Prevotella veroralis",0.473836329365909
"eo.stat",-0.0959819797355422,0.092387881512043,-1.03890226904955,0.307738863373128,"s__Porphyromonas cangingivalis",0.473836329365909
"eo.stat",0.000108350861037601,0.000104941258685685,1.03249057991698,0.310678519864337,"g__Phocaeicola",0.476783867118537
"eo.stat",-0.00236070508802239,0.00229788267768734,-1.02733925928641,0.313054429734865,"s__Bacteroides ovatus",0.478849703377343
"eo.stat",-0.184752571208221,0.181989073555502,-1.01518496467249,0.318710157860356,"s__Phascolarctobacterium sp. Marseille-Q4147",0.485622625600054
"eo.stat",-0.00127576141276026,0.00125895677830389,-1.01334806305186,0.31957101813681,"s__Bacteroides uniformis",0.485622625600054
"eo.stat",0.0188380571502805,0.0187209465854698,1.00625558992309,0.322909932120317,"g__Dysosmobacter",0.487525332071473
"eo.stat",-0.00742543496170055,0.00737942960507325,-1.00623427000315,0.322920004898954,"s__Leptotrichia wadei",0.487525332071473
"eo.stat",-0.0141442028494376,0.0143266119464271,-0.987267813376142,0.331966476368027,"g__Bulleidia",0.491248588185306
"eo.stat",-0.0141442028494376,0.0143266119464271,-0.987267813376142,0.331966476368027,"s__Bulleidia sp. zg-1006",0.491248588185306
"eo.stat",-0.0148394298882611,0.0150565926304409,-0.985576899932806,0.332781301673917,"c__Epsilonproteobacteria",0.491248588185306
"eo.stat",-0.0148394298882611,0.0150565926304409,-0.985576899932806,0.332781301673917,"o__Campylobacterales",0.491248588185306
"eo.stat",-0.0148394298882611,0.0150565926304409,-0.985576899932806,0.332781301673917,"f__Campylobacteraceae",0.491248588185306
"eo.stat",-0.0148394298882611,0.0150565926304409,-0.985576899932806,0.332781301673917,"g__Campylobacter",0.491248588185306
"eo.stat",-0.0148394298882611,0.0150565926304409,-0.985576899932806,0.332781301673917,"s__Campylobacter ureolyticus",0.491248588185306
"eo.stat",0.0181782231589894,0.0187214420717828,0.970984130885291,0.339869872434512,"s__Peptoniphilus harei",0.500124970512811
"eo.stat",0.218875374552432,0.229131836588165,0.955237726068738,0.347632522661366,"s__Prevotella sp. WR041",0.509934142074243
"eo.stat",-0.00443431399247399,0.00467163337440483,-0.949199912983096,0.350640339450083,"f__Leptotrichiaceae",0.511121497944479
"eo.stat",-0.00443431399247399,0.00467163337440483,-0.949199912983096,0.350640339450083,"g__Leptotrichia",0.511121497944479
"eo.stat",0.266815218820362,0.290050100098172,0.919893558837092,0.365486032188807,"s__Prevotella enoeca",0.525486192748431
"eo.stat",-0.000288157983244325,0.000315126857298945,-0.914418992129776,0.368304522200497,"f__Prevotellaceae",0.525486192748431
"eo.stat",-0.000288157983244325,0.000315126857298945,-0.914418992129776,0.368304522200497,"g__Prevotella",0.525486192748431
"eo.stat",-0.0359619693206786,0.0395249822568127,-0.909854154696807,0.370665529508571,"k__unclassified-p__Spirochaetes",0.525486192748431
"eo.stat",-0.0359619693206786,0.0395249822568127,-0.909854154696807,0.370665529508571,"p__Spirochaetes",0.525486192748431
"eo.stat",-0.0359619693206786,0.0395249822568127,-0.909854154696807,0.370665529508571,"c__Spirochaetia",0.525486192748431
"eo.stat",-0.0359619693206786,0.0395249822568127,-0.909854154696807,0.370665529508571,"o__Spirochaetales",0.525486192748431
"eo.stat",-0.0359619693206786,0.0395249822568127,-0.909854154696807,0.370665529508571,"f__Treponemataceae",0.525486192748431
"eo.stat",-0.0359619693206786,0.0395249822568127,-0.909854154696807,0.370665529508571,"g__Treponema",0.525486192748431
"eo.stat",0.00485738865080775,0.00545600797212316,0.8902825427723,0.38090025674626,"s__Erysipelatoclostridium ramosum",0.538354466221918
"eo.stat",-0.00408876455602702,0.00464924926406511,-0.879446190943089,0.386644964340522,"g__Longicatena",0.543171928756322
"eo.stat",-0.00408876455602702,0.00464924926406511,-0.879446190943089,0.386644964340522,"s__Longicatena caecimuris",0.543171928756322
"eo.stat",0.0919630032380373,0.106404961335448,0.864273639911571,0.394781568375298,"g__Paeniclostridium",0.551271559442983
"eo.stat",0.0919630032380373,0.106404961335448,0.864273639911571,0.394781568375298,"s__Paeniclostridium sordellii",0.551271559442983
"eo.stat",-0.000374505939228259,0.000440575539824025,-0.850037973914405,0.402514274984851,"g__Oscillibacter",0.559623800181399
"eo.stat",0.0193461475786781,0.02290982015149,0.84444781542381,0.405576818626089,"o__Acidaminococcales",0.559623800181399
"eo.stat",0.0193461475786781,0.02290982015149,0.84444781542381,0.405576818626089,"f__Acidaminococcaceae",0.559623800181399
"eo.stat",0.0193461475786781,0.02290982015149,0.84444781542381,0.405576818626089,"g__Phascolarctobacterium",0.559623800181399
"eo.stat",0.241238083304637,0.287123997348457,0.840187812695669,0.407920470181472,"s__Limosilactobacillus fermentum",0.560201778830996
"eo.stat",-0.000308222661509041,0.000367233960250381,-0.839308710171831,0.40840516779292,"g__Mediterraneibacter",0.560201778830996
"eo.stat",-0.0119482789767468,0.0143257064105805,-0.834044663090553,0.411315085662746,"s__Blautia obeum",0.562533867156403
"eo.stat",0.0137708728766807,0.0168937724738337,0.815144923847534,0.421869173236826,"f__unclassified-g__Massilistercora",0.57146476855135
"eo.stat",0.0137708728766807,0.0168937724738337,0.815144923847534,0.421869173236826,"g__Massilistercora",0.57146476855135
"eo.stat",0.0137708728766807,0.0168937724738337,0.815144923847534,0.421869173236826,"s__Massilistercora timonensis",0.57146476855135
"eo.stat",-0.00505524687382205,0.00621372559924201,-0.813561331777948,0.422761033078848,"s__Alistipes shahii",0.57146476855135
"eo.stat",-0.000450155396423112,0.000571268113700232,-0.787993213042041,0.437321240044623,"s__Oscillibacter sp. MM50",0.58815540151661
"eo.stat",0.00179121340739468,0.00228319216447579,0.784521528789469,0.439321475646602,"g__Ruthenibacterium",0.58815540151661
"eo.stat",0.00179121340739468,0.00228319216447579,0.784521528789469,0.439321475646602,"s__Ruthenibacterium lactatiformans",0.58815540151661
"eo.stat",-0.0576645467939946,0.0736404524799122,-0.783055302514938,0.440167913393076,"s__Bacteroides caecimuris",0.58815540151661
"eo.stat",-0.000245776293095937,0.000323751336913028,-0.759151438382976,0.454105918898677,"f__Rikenellaceae",0.603208892669512
"eo.stat",-0.000245776293095937,0.000323751336913028,-0.759151438382976,0.454105918898677,"g__Alistipes",0.603208892669512
"eo.stat",-0.0440504448979685,0.0588249711478434,-0.748839209580869,0.460198996025784,"c__Bacilli",0.603208892669512
"eo.stat",-0.0440504448979685,0.0588249711478434,-0.748839209580869,0.460198996025784,"o__Lactobacillales",0.603208892669512
"eo.stat",-0.0440504448979685,0.0588249711478434,-0.748839209580869,0.460198996025784,"f__Lactobacillaceae",0.603208892669512
"eo.stat",-0.0440504448979685,0.0588249711478434,-0.748839209580869,0.460198996025784,"g__Limosilactobacillus",0.603208892669512
"eo.stat",0.000271901357617684,0.00036335499360909,0.748307749721488,0.460514315908982,"s__Phocaeicola dorei",0.603208892669512
"eo.stat",-0.00377980712655038,0.00506726028573166,-0.745927170387029,0.461928297320575,"s__Coprococcus comes",0.603361399590077
"eo.stat",-0.00407824730218229,0.00548645899814515,-0.743329587182016,0.463474083114317,"s__Clostridium perfringens",0.603684730106884
"eo.stat",0.000179826310283431,0.000247115745865417,0.727700736566447,0.472838496055313,"s__Phocaeicola vulgatus",0.610391547374165
"eo.stat",0.0515078096883453,0.0718068805038905,0.717310226080001,0.479124547938861,"k__unclassified-p__Synergistetes",0.610391547374165
"eo.stat",0.0515078096883453,0.0718068805038905,0.717310226080001,0.479124547938861,"p__Synergistetes",0.610391547374165
"eo.stat",0.0515078096883453,0.0718068805038905,0.717310226080001,0.479124547938861,"c__Synergistia",0.610391547374165
"eo.stat",0.0515078096883453,0.0718068805038905,0.717310226080001,0.479124547938861,"o__Synergistales",0.610391547374165
"eo.stat",0.0515078096883453,0.0718068805038905,0.717310226080001,0.479124547938861,"f__Synergistaceae",0.610391547374165
"eo.stat",0.0515078096883453,0.0718068805038905,0.717310226080001,0.479124547938861,"g__Cloacibacillus",0.610391547374165
"eo.stat",0.0515078096883453,0.0718068805038905,0.717310226080001,0.479124547938861,"s__Cloacibacillus porcorum",0.610391547374165
"eo.stat",0.00100463515762315,0.00141619390064449,0.709390964871375,0.483947678458621,"f__Odoribacteraceae",0.614851558697428
"eo.stat",0.000407407404161422,0.000597090853201367,0.682320625038993,0.500642441827021,"k__unclassified-p__Proteobacteria",0.632605259373818
"eo.stat",0.000407407404161422,0.000597090853201367,0.682320625038993,0.500642441827021,"p__Proteobacteria",0.632605259373818
"eo.stat",-2.91523274758827e-06,4.35160520055832e-06,-0.669921238998023,0.508395632122384,"d__Bacteria",0.633872128761617
"eo.stat",-0.0888132493255455,0.133363332502812,-0.665949535444258,0.510893062693581,"c__Alphaproteobacteria",0.633872128761617
"eo.stat",5.87210714122408e-06,8.91057988590171e-06,0.659003927512609,0.515276698219121,"d__Eukaryota",0.633872128761617
"eo.stat",5.87210714122408e-06,8.91057988590171e-06,0.659003927512609,0.515276698219121,"k__Metazoa",0.633872128761617
"eo.stat",5.87210714122408e-06,8.91057988590171e-06,0.659003927512609,0.515276698219121,"p__Chordata",0.633872128761617
"eo.stat",5.87210714122408e-06,8.91057988590171e-06,0.659003927512609,0.515276698219121,"c__Mammalia",0.633872128761617
"eo.stat",5.87210714122408e-06,8.91057988590171e-06,0.659003927512609,0.515276698219121,"o__Primates",0.633872128761617
"eo.stat",5.87210714122408e-06,8.91057988590171e-06,0.659003927512609,0.515276698219121,"f__Hominidae",0.633872128761617
"eo.stat",5.87210714122408e-06,8.91057988590171e-06,0.659003927512609,0.515276698219121,"g__Homo",0.633872128761617
"eo.stat",5.87210714122408e-06,8.91057988590171e-06,0.659003927512609,0.515276698219121,"s__Homo sapiens",0.633872128761617
"eo.stat",-0.21365868605346,0.326975356764249,-0.653439721475734,0.518803282328518,"g__Solibaculum",0.634851384954634
"eo.stat",-0.21365868605346,0.326975356764249,-0.653439721475734,0.518803282328518,"s__Solibaculum mannosilyticum",0.634851384954634
"eo.stat",0.127082829896936,0.196014403499838,0.648334140899197,0.522050721061897,"s__Lachnoclostridium phocaeense",0.637148517831449
"eo.stat",0.00851364629503591,0.0134721092840488,0.631946053549032,0.532548471841633,"s__Parabacteroides goldsteinii",0.648259265461673
"eo.stat",0.000161941758766673,0.00025905764730623,0.625118619159089,0.536954962614148,"s__Akkermansia muciniphila",0.651916599518483
"eo.stat",-0.101274947392599,0.167289745272457,-0.605386464231013,0.549798074266706,"s__Anaerostipes caccae",0.66577110555734
"eo.stat",-0.00163743166282799,0.00275975003375098,-0.593326077652924,0.557725742297793,"g__Clostridium",0.673616805632399
"eo.stat",0.000415794035982594,0.000722275691771002,0.575672199299796,0.569434996195574,"s__[Ruminococcus] gnavus",0.68458980627751
"eo.stat",-0.00179827692635594,0.00320932440495066,-0.560328810506642,0.579711313152188,"f__Peptostreptococcaceae",0.68458980627751
"eo.stat",0.000114942713853884,0.000207138656260469,0.55490711356816,0.583364340164743,"k__unclassified-p__Verrucomicrobia",0.68458980627751
"eo.stat",0.000114942713853884,0.000207138656260469,0.55490711356816,0.583364340164743,"p__Verrucomicrobia",0.68458980627751
"eo.stat",0.000114942713853884,0.000207138656260469,0.55490711356816,0.583364340164743,"c__Verrucomicrobiae",0.68458980627751
"eo.stat",0.000114942713853884,0.000207138656260469,0.55490711356816,0.583364340164743,"o__Verrucomicrobiales",0.68458980627751
"eo.stat",0.000114942713853884,0.000207138656260469,0.55490711356816,0.583364340164743,"f__Akkermansiaceae",0.68458980627751
"eo.stat",0.000114942713853884,0.000207138656260469,0.55490711356816,0.583364340164743,"g__Akkermansia",0.68458980627751
"eo.stat",-0.00016140945327905,0.000293935582034524,-0.549132065474442,0.587267848731875,"c__Tissierellia",0.68458980627751
"eo.stat",-0.00016140945327905,0.000293935582034524,-0.549132065474442,0.587267848731875,"o__Tissierellales",0.68458980627751
"eo.stat",-0.00016140945327905,0.000293935582034524,-0.549132065474442,0.587267848731875,"f__Peptoniphilaceae",0.68458980627751
"eo.stat",-0.00262662167833918,0.00478521082393354,-0.548904066086694,0.587422220870379,"f__unclassified-g__Intestinimonas",0.68458980627751
"eo.stat",-0.00262662167833918,0.00478521082393354,-0.548904066086694,0.587422220870379,"g__Intestinimonas",0.68458980627751
"eo.stat",-0.00262662167833918,0.00478521082393354,-0.548904066086694,0.587422220870379,"s__Intestinimonas butyriciproducens",0.68458980627751
"eo.stat",-0.0035360201285655,0.00652679004531059,-0.541770166347865,0.592262361580646,"s__Desulfovibrio fairfieldensis",0.688504995337501
"eo.stat",-4.96711966485606e-05,9.42423177498557e-05,-0.527058309202467,0.602304391984366,"f__Lachnospiraceae",0.698432773747457
"eo.stat",0.00148711424264626,0.0028792406131034,0.516495299447507,0.609564035693287,"o__Selenomonadales",0.700574755226079
"eo.stat",0.00148711424264626,0.0028792406131034,0.516495299447507,0.609564035693287,"f__Selenomonadaceae",0.700574755226079
"eo.stat",0.00148506625845203,0.00288359475295485,0.515005188204852,0.61059143816338,"g__Selenomonas",0.700574755226079
"eo.stat",0.00148506625845203,0.00288359475295485,0.515005188204852,0.61059143816338,"s__Selenomonas sputigena",0.700574755226079
"eo.stat",0.0141777974183643,0.0276387379991346,0.512968335197079,0.611997117149669,"o__Corynebacteriales",0.700574755226079
"eo.stat",4.81544803843724e-05,9.4461662857542e-05,0.509778029812944,0.614201848829624,"s__Fusobacterium nucleatum",0.700574755226079
"eo.stat",-0.000175090363647846,0.000345424369550324,-0.506884803396413,0.616204462123584,"g__Parvimonas",0.700574755226079
"eo.stat",-0.000175090363647846,0.000345424369550324,-0.506884803396413,0.616204462123584,"s__Parvimonas micra",0.700574755226079
"eo.stat",-9.34025671782096e-06,1.86650770326084e-05,-0.500413510295365,0.620694616839235,"k__unclassified-p__Bacteroidetes",0.702245734380156
"eo.stat",-9.34025671782096e-06,1.86650770326084e-05,-0.500413510295365,0.620694616839235,"p__Bacteroidetes",0.702245734380156
"eo.stat",3.56657723259029e-05,7.19021216891087e-05,0.496032265641827,0.623743072254868,"f__Fusobacteriaceae",0.702277308955239
"eo.stat",3.56657723259029e-05,7.19021216891087e-05,0.496032265641827,0.623743072254868,"g__Fusobacterium",0.702277308955239
"eo.stat",-0.00011498078952528,0.00023844516994663,-0.482210604437973,0.633404555851038,"g__Faecalibacterium",0.709718357760802
"eo.stat",-0.00011498078952528,0.00023844516994663,-0.482210604437973,0.633404555851038,"s__Faecalibacterium prausnitzii",0.709718357760802
"eo.stat",-0.000259517535381357,0.000605055183639878,-0.42891548142792,0.671266797514443,"o__Veillonellales",0.744834203923841
"eo.stat",-0.000259517535381357,0.000605055183639878,-0.42891548142792,0.671266797514443,"f__Veillonellaceae",0.744834203923841
"eo.stat",-0.00196882081211676,0.00459688068920112,-0.428294955912576,0.671713113762261,"s__Oscillibacter sp. MM59",0.744834203923841
"eo.stat",0.130920796983968,0.309643284934893,0.422811678320412,0.675662279191676,"s__Corynebacterium matruchotii",0.744834203923841
"eo.stat",0.119324150078178,0.282488940560072,0.422402908381481,0.675957062485722,"f__Yersiniaceae",0.744834203923841
"eo.stat",0.119324150078178,0.282488940560072,0.422402908381481,0.675957062485722,"g__Yersinia",0.744834203923841
"eo.stat",0.119324150078178,0.282488940560072,0.422402908381481,0.675957062485722,"s__Yersinia enterocolitica",0.744834203923841
"eo.stat",-7.91966312657064e-06,1.92864866309691e-05,-0.410632754327257,0.684467384836493,"c__Bacteroidia",0.750654089502285
"eo.stat",-7.91966312657064e-06,1.92864866309691e-05,-0.410632754327257,0.684467384836493,"o__Bacteroidales",0.750654089502285
"eo.stat",0.00153895383306552,0.00407373198424862,0.377774934388418,0.708446483006514,"f__unclassified-g__Flintibacter",0.771493242618335
"eo.stat",0.00153895383306552,0.00407373198424862,0.377774934388418,0.708446483006514,"g__Flintibacter",0.771493242618335
"eo.stat",0.00153895383306552,0.00407373198424862,0.377774934388418,0.708446483006514,"s__Flintibacter sp. KGMB00164",0.771493242618335
"eo.stat",0.0021568155719662,0.00671344495857832,0.321268079990774,0.750393136328076,"g__Peptoniphilus",0.815263571010644
"eo.stat",-0.000984948034074559,0.0031729749754415,-0.310417838683871,0.758542149482156,"s__[Clostridium] innocuum",0.822196036151988
"eo.stat",-0.000146535359213583,0.000481342205518556,-0.304430730431625,0.763050940354636,"s__Alistipes onderdonkii",0.825159737825363
"eo.stat",0.000157545579387662,0.000533476842171832,0.295318497324607,0.769929456758796,"f__Porphyromonadaceae",0.828743512483426
"eo.stat",0.000157545579387662,0.000533476842171832,0.295318497324607,0.769929456758796,"g__Porphyromonas",0.828743512483426
"eo.stat",0.000525431077358937,0.00182414626418091,0.28804218591258,0.775435866469096,"g__Lachnoclostridium",0.832742905099606
"eo.stat",0.000440275196112831,0.00177682785046679,0.247787198966499,0.806107195544346,"g__Erysipelatoclostridium",0.86368628094037
"eo.stat",0.0125798352775143,0.0548047568331422,0.229539113106819,0.820118458309449,"g__Anaerococcus",0.874667621820857
"eo.stat",0.0125798352775143,0.0548047568331422,0.229539113106819,0.820118458309449,"s__Anaerococcus mediterraneensis",0.874667621820857
"eo.stat",0.000671513838486948,0.00310525097516921,0.216251067580892,0.830359814858288,"s__[Clostridium] scindens",0.878808951906399
"eo.stat",-0.000906854882697099,0.00428859997708736,-0.211457092650781,0.834062198365822,"c__Deltaproteobacteria",0.878808951906399
"eo.stat",-0.000906854882697099,0.00428859997708736,-0.211457092650781,0.834062198365822,"o__Desulfovibrionales",0.878808951906399
"eo.stat",-0.000906854882697099,0.00428859997708736,-0.211457092650781,0.834062198365822,"f__Desulfovibrionaceae",0.878808951906399
"eo.stat",-0.000906854882697099,0.00428859997708736,-0.211457092650781,0.834062198365822,"g__Desulfovibrio",0.878808951906399
"eo.stat",-0.00742838509894558,0.0354065695920811,-0.20980245148084,0.835340982242212,"s__Gordonibacter pamelaeae",0.878808951906399
"eo.stat",1.21002584751962e-05,6.26980825748656e-05,0.192992480443843,0.848357940540382,"k__unclassified-p__Fusobacteria",0.884498749666542
"eo.stat",1.21002584751962e-05,6.26980825748656e-05,0.192992480443843,0.848357940540382,"p__Fusobacteria",0.884498749666542
"eo.stat",1.21002584751962e-05,6.26980825748656e-05,0.192992480443843,0.848357940540382,"c__Fusobacteriia",0.884498749666542
"eo.stat",1.21002584751962e-05,6.26980825748656e-05,0.192992480443843,0.848357940540382,"o__Fusobacteriales",0.884498749666542
"eo.stat",-0.000847907763326123,0.00507028351208134,-0.167230838533141,0.868390348466863,"g__Lachnoanaerobaculum",0.901342660797079
"eo.stat",-0.000847907763326123,0.00507028351208134,-0.167230838533141,0.868390348466863,"s__Lachnoanaerobaculum umeaense",0.901342660797079
"eo.stat",0.00147693585645129,0.00951242573392023,0.155263851488975,0.877727202325666,"s__[Clostridium] hylemonae",0.906117498897838
"eo.stat",6.59306920329478e-05,0.000428556666668288,0.15384358046629,0.878836541941774,"g__Flavonifractor",0.906117498897838
"eo.stat",6.59306920329478e-05,0.000428556666668288,0.15384358046629,0.878836541941774,"s__Flavonifractor plautii",0.906117498897838
"eo.stat",0.0137560523049927,0.0953175057506162,0.144318215176374,0.88628294836806,"s__Bacteroides intestinalis",0.911773387148557
"eo.stat",-0.00211255861802247,0.0160626381203575,-0.131520028166796,0.896304434553738,"s__Blautia argi",0.920047598382976
"eo.stat",-0.00278937114988302,0.0327915032490029,-0.0850638389067397,0.932815963611627,"o__Eggerthellales",0.949315793981769
"eo.stat",-0.00278937114988302,0.0327915032490029,-0.0850638389067397,0.932815963611627,"f__Eggerthellaceae",0.949315793981769
"eo.stat",-0.00278937114988302,0.0327915032490029,-0.0850638389067397,0.932815963611627,"g__Gordonibacter",0.949315793981769
"eo.stat",-0.000241968528012213,0.00285168023019044,-0.0848512134882859,0.932983479246599,"c__Betaproteobacteria",0.949315793981769
"eo.stat",-0.0267555219717276,0.35511157473197,-0.0753439872860299,0.940476771577003,"g__Tannerella",0.95485087070591
"eo.stat",4.63760416216907e-05,0.000685119516659753,0.0676904401261162,0.946513125842283,"s__Porphyromonas asaccharolytica",0.958885846441528
"eo.stat",1.83761645737728e-06,4.3838170801617e-05,0.0419181828022234,0.966861412505916,"f__Bacteroidaceae",0.977370775685328
"eo.stat",-0.00225159835973996,0.0936191947968322,-0.0240506059107459,0.980982828818493,"f__Atopobiaceae",0.985220335638443
"eo.stat",-0.00225159835973996,0.0936191947968322,-0.0240506059107459,0.980982828818493,"g__Lancefieldella",0.985220335638443
"eo.stat",-0.00225159835973996,0.0936191947968322,-0.0240506059107459,0.980982828818493,"s__Lancefieldella parvula",0.985220335638443
"eo.stat",1.81714386175578e-05,0.00179086465037599,0.0101467403545783,0.991976163247012,"f__Clostridiaceae",0.994114042909182
"eo.stat",-4.50734948978358e-07,0.000332285146697478,-0.00135647034921101,0.99892731199975,"c__Negativicutes",0.99892731199975
